Id,Nombre,Apellidos,Edad
1,Dall,Crane,61
2,Marena,Giron,20
3,Niccolo,Vobes,37
4,Bealle,Pagon,23
5,Sonnnie,Bentsen,52
6,Gaultiero,Bineham,30
7,Dian,Geere,38
8,Anderson,Hallbird,37
9,Andee,Dobby,61
10,Alessandra,Greenan,35
11,Web,Kolinsky,41
12,Calhoun,Laurance,66
13,Sybila,Brokenshire,40
14,Ariel,De Biaggi,63
15,Trude,Clews,34
16,Glenden,Rossbrook,50
17,Anette,Terzo,21
18,Maris,Dudmesh,50
19,Joly,Greaser,66
20,Augustin,Saile,35
21,Paulina,Sewell,19
22,Zilvia,Booton,34
23,Rayshell,Barkhouse,40
24,Winny,Piercey,61
25,Upton,Goode,35
26,Jdavie,Giral,52
27,Holly-anne,Lisimore,39
28,Rhianon,McGarel,29
29,Alessandro,Stearndale,61
30,Jermain,Dunnaway,49
31,Maisey,Drysdale,62
32,Kiley,Bowich,49
33,Sigismundo,Eldridge,54
34,Fernando,Davidovics,34
35,Nana,Greatrex,47
36,Hamil,Ricard,36
37,Leonora,Cesconi,23
38,Jordon,Bradden,40
39,Luelle,Bloxam,31
40,Shoshana,Stivey,46
41,Marketa,Drinnan,18
42,Bar,Rogger,45
43,Glad,Freiberg,50
44,Stella,Cranmer,46
45,Ettie,O'Corrane,54
46,Laurie,Oakinfold,63
47,Abba,Sheeres,27
48,Terrye,Clowley,36
49,Conni,McBayne,65
50,Charmain,Laughton,67
51,Demetris,Gilfoyle,39
52,Catrina,Symondson,54
53,Davey,McCarthy,59
54,Esme,Hatch,55
55,Ann,Kear,25
56,Theresa,Sinott,49
57,Silvia,Saveall,47
58,Rona,Setterthwait,51
59,Cathrin,Badger,51
60,Delano,Ebsworth,34
61,Dusty,McRobb,60
62,Melony,Gounot,59
63,Rolph,McGraffin,26
64,Irina,Mazdon,26
65,Shara,Bulteel,40
66,Harrison,De Bell,27
67,Harri,Goward,31
68,Westbrooke,Sloan,32
69,Nert,Leeke,27
70,Alyda,Gavagan,31
71,Hervey,Odams,30
72,Horst,Goad,58
73,Katey,Dent,18
74,Kathe,Conrad,55
75,Annmarie,Barroux,39
76,Amalie,Soulsby,36
77,Luce,Stinton,28
78,Natty,Kas,33
79,Sylvan,Gregan,21
80,Guthrey,Lung,44
81,Douglass,Whistlecroft,23
82,Sigismundo,Dessaur,48
83,Care,McArley,32
84,Edee,Lamanby,33
85,Berny,Ivanchenkov,30
86,Amy,Hillyatt,42
87,Lindi,Rothschild,44
88,Oren,Witcherley,34
89,Jere,Birkmyre,33
90,Elaine,Strother,57
91,Nettle,Pentecust,28
92,Deane,Cerith,38
93,Hadria,Morrilly,35
94,Leta,Prys,48
95,Barbara-anne,Assender,45
96,Celestia,Linden,34
97,Wrennie,Duffett,48
98,Helenka,Arrault,63
99,Sheena,Checketts,62
100,Gabbey,Borkin,57
